model_key,dataset_id,status,modules_complete,modules_ineligible,n_concepts,readable,answer_capable,owned,owned_concepts,readable_concepts,capable_concepts,eligible_templates,primary_template,gpu_hours,altdir_owned_dom_pattern_orth_resid
q25-3,nih,COMPLETE,CORE+CALIBRATION+PROMPT+DOSE+REFIT+LOCUS+LOCUS_CALIBRATION,,6,2,2,0,,"Cardiomegaly, Effusion","Mass, Nodule",IYWYIAWA,IY,12.559,
q25-3,chexpert,COMPLETE,CORE+CALIBRATION,,6,4,2,0,,"Cardiomegaly, Consolidation, Edema, Effusion","Cardiomegaly, Effusion",IYWYIAWA,IY,3.488,
q25-3,coco,COMPLETE,CORE+CALIBRATION+PROMPT+DOSE+REFIT+LOCUS+LOCUS_CALIBRATION,,6,4,5,6,"bicycle, bottle, car, chair, dog, person","bottle, car, chair, person","bottle, car, chair, dog, person",IYWYIAWA,IY,12.849,
q25-7,nih,COMPLETE,CORE+CALIBRATION+PROMPT+DOSE+REFIT+LOCUS+LOCUS_CALIBRATION+ALTDIR,,6,3,3,0,,"Cardiomegaly, Effusion, Pneumothorax","Cardiomegaly, Mass, Nodule",,IY,28.199,2/2/0/0
q25-7,chexpert,COMPLETE,CORE+CALIBRATION,,6,4,2,0,,"Cardiomegaly, Consolidation, Edema, Effusion","Cardiomegaly, Effusion",IYWYIAIBWAWB,IY,4.838,
q25-7,coco,COMPLETE,CORE+CALIBRATION+PROMPT+DOSE+REFIT+LOCUS+LOCUS_CALIBRATION+ALTDIR,,6,1,5,6,"bicycle, bottle, car, chair, dog, person",person,"bottle, car, chair, dog, person",IYWYIAIBWAWB,IY,27.071,4/2/6/6
q25-32,nih,COMPLETE,CORE+CALIBRATION+PROMPT+DOSE+REFIT+LOCUS+LOCUS_CALIBRATION,,6,3,4,1,Cardiomegaly,"Atelectasis, Cardiomegaly, Pneumothorax","Atelectasis, Cardiomegaly, Mass, Nodule",IYWYIAIBWAWB,IY,82.655,
q25-32,chexpert,COMPLETE,CORE+CALIBRATION,,6,4,4,0,,"Cardiomegaly, Consolidation, Edema, Effusion","Cardiomegaly, Consolidation, Edema, Effusion",IYWYIAIBWAWB,IY,16.317,
q25-32,coco,COMPLETE,CORE+CALIBRATION+PROMPT+DOSE+REFIT+LOCUS+LOCUS_CALIBRATION,,6,1,5,6,"bicycle, bottle, car, chair, dog, person",person,"bottle, car, chair, dog, person",IYWYIAIBWAWB,IY,74.961,
q25-72,nih,COMPLETE,CORE+CALIBRATION+PROMPT+DOSE+REFIT+LOCUS+LOCUS_CALIBRATION,,6,2,4,3,"Atelectasis, Cardiomegaly, Mass","Cardiomegaly, Pneumothorax","Cardiomegaly, Effusion, Mass, Nodule",IYWYIAIBWAWB,IY,214.349,
q3-4,nih,COMPLETE,CORE+CALIBRATION+PROMPT+DOSE+REFIT+LOCUS+LOCUS_CALIBRATION,,6,3,6,0,,"Atelectasis, Cardiomegaly, Effusion","Atelectasis, Cardiomegaly, Effusion, Mass, Nodule, Pneumothorax",IYWYIAIBWAWB,IY,14.638,
q3-4,chexpert,COMPLETE,CORE+CALIBRATION,,6,4,4,2,"Consolidation, Edema","Cardiomegaly, Consolidation, Edema, Effusion","Cardiomegaly, Consolidation, Edema, Effusion",IYWYIAIBWAWB,IY,3.46,
q3-4,coco,COMPLETE,CORE+CALIBRATION+PROMPT+DOSE+REFIT+LOCUS+LOCUS_CALIBRATION,,6,4,5,6,"bicycle, bottle, car, chair, dog, person","bottle, car, chair, person","bottle, car, chair, dog, person",IYWYIAIBWAWB,IY,13.734,
q3-8,nih,COMPLETE,CORE+CALIBRATION+PROMPT+DOSE+REFIT+LOCUS+LOCUS_CALIBRATION,,6,4,6,0,,"Cardiomegaly, Effusion, Mass, Pneumothorax","Atelectasis, Cardiomegaly, Effusion, Mass, Nodule, Pneumothorax",,IY,26.129,
q3-8,chexpert,COMPLETE,CORE+CALIBRATION,,6,4,4,0,,"Cardiomegaly, Consolidation, Edema, Effusion","Cardiomegaly, Consolidation, Edema, Effusion",IYWYIAIBWAWB,IY,5.06,
q3-8,coco,COMPLETE,CORE+CALIBRATION+PROMPT+DOSE+REFIT+LOCUS+LOCUS_CALIBRATION,,6,3,5,6,"bicycle, bottle, car, chair, dog, person","bottle, car, person","bottle, car, chair, dog, person",IYWYIAIBWAWB,IY,20.246,
q3-32,nih,COMPLETE,CORE+CALIBRATION+PROMPT+DOSE+REFIT+LOCUS+LOCUS_CALIBRATION,,6,2,6,1,Nodule,"Atelectasis, Cardiomegaly","Atelectasis, Cardiomegaly, Effusion, Mass, Nodule, Pneumothorax",IYWYIAIBWAWB,IY,106.17,
q3-32,chexpert,COMPLETE,CORE+CALIBRATION,,6,5,5,1,Edema,"Cardiomegaly, Consolidation, Edema, Effusion, Pneumothorax","Cardiomegaly, Consolidation, Edema, Effusion, Pneumothorax",IYWYIAIBWAWB,IY,28.203,
q3-32,coco,COMPLETE,CORE+CALIBRATION+PROMPT+DOSE+REFIT+LOCUS+LOCUS_CALIBRATION,,6,4,5,6,"bicycle, bottle, car, chair, dog, person","bottle, car, chair, person","bottle, car, chair, dog, person",IYWYIAIBWAWB,IY,98.391,
iv35-8,nih,COMPLETE,CORE+CALIBRATION+PROMPT+DOSE+REFIT+LOCUS+LOCUS_CALIBRATION,,6,2,6,0,,"Cardiomegaly, Mass","Atelectasis, Cardiomegaly, Effusion, Mass, Nodule, Pneumothorax",IYWYIAIBWAWB,IY,19.463,
iv35-8,chexpert,COMPLETE,CORE+CALIBRATION,,6,4,5,1,Pneumothorax,"Cardiomegaly, Consolidation, Edema, Effusion","Cardiomegaly, Consolidation, Edema, Effusion, Pneumothorax",IYWYIAIBWAWB,IY,4.3,
iv35-8,coco,COMPLETE,CORE+CALIBRATION+PROMPT+DOSE+REFIT+LOCUS+LOCUS_CALIBRATION,,6,5,5,6,"bicycle, bottle, car, chair, dog, person","bottle, car, chair, dog, person","bottle, car, chair, dog, person",IYWYIAIBWAWB,IY,17.992,
iv35-14,nih,COMPLETE,CORE+CALIBRATION+PROMPT+DOSE+REFIT+LOCUS+LOCUS_CALIBRATION,,6,4,6,1,Effusion,"Atelectasis, Cardiomegaly, Effusion, Pneumothorax","Atelectasis, Cardiomegaly, Effusion, Mass, Nodule, Pneumothorax",IYWYIAIBWAWB,IY,29.302,
iv35-14,chexpert,COMPLETE,CORE+CALIBRATION,,6,4,5,1,Effusion,"Cardiomegaly, Consolidation, Edema, Effusion","Cardiomegaly, Consolidation, Edema, Effusion, Pneumothorax",IYWYIAIBWAWB,IY,4.711,
iv35-14,coco,COMPLETE,CORE+CALIBRATION+PROMPT+DOSE+REFIT+LOCUS+LOCUS_CALIBRATION,,6,4,5,5,"bottle, car, chair, dog, person","bottle, car, chair, person","bottle, car, chair, dog, person",IYWYIAIBWAWB,IY,28.257,
iv35-38,nih,COMPLETE,CORE+CALIBRATION+PROMPT+DOSE+REFIT+LOCUS+LOCUS_CALIBRATION,,6,5,6,0,,"Atelectasis, Cardiomegaly, Effusion, Mass, Pneumothorax","Atelectasis, Cardiomegaly, Effusion, Mass, Nodule, Pneumothorax",IYWYIAIBWAWB,IY,105.914,
iv35-38,chexpert,COMPLETE,CORE+CALIBRATION,,6,4,5,2,"Consolidation, Effusion","Cardiomegaly, Consolidation, Edema, Effusion","Cardiomegaly, Consolidation, Edema, Effusion, Pneumothorax",IYWYIAIBWAWB,IY,43.585,
iv35-38,coco,COMPLETE,CORE+CALIBRATION+PROMPT+DOSE+REFIT+LOCUS+LOCUS_CALIBRATION,,6,4,5,6,"bicycle, bottle, car, chair, dog, person","bottle, car, chair, person","bottle, car, chair, dog, person",IYWYIAIBWAWB,IY,156.648,
gemma3-4,nih,COMPLETE,CORE+CALIBRATION+PROMPT+DOSE+REFIT+LOCUS+LOCUS_CALIBRATION,,6,2,2,0,,"Atelectasis, Nodule","Cardiomegaly, Mass",IYWYIAIBWAWB,IY,21.762,
gemma3-4,chexpert,COMPLETE,CORE+CALIBRATION,,6,4,1,0,,"Cardiomegaly, Consolidation, Edema, Effusion",Effusion,IYWYIAIBWAWB,IY,8.606,
gemma3-4,coco,COMPLETE,CORE+CALIBRATION+PROMPT+DOSE+REFIT+LOCUS+LOCUS_CALIBRATION,,6,5,5,5,"bottle, car, chair, dog, person","bottle, car, chair, dog, person","bottle, car, chair, dog, person",IYWYIAIBWAWB,IY,33.716,
gemma3-12,nih,COMPLETE,CORE+CALIBRATION+PROMPT+DOSE+REFIT+LOCUS+LOCUS_CALIBRATION,,6,2,5,1,Nodule,"Atelectasis, Nodule","Atelectasis, Effusion, Mass, Nodule, Pneumothorax",IYWYIAIBWAWB,IY,40.183,
gemma3-12,chexpert,COMPLETE,CORE+CALIBRATION,,6,4,0,1,Edema,"Cardiomegaly, Consolidation, Edema, Effusion",,IYWYIAIBWAWB,IY,10.625,
gemma3-12,coco,COMPLETE,CORE+CALIBRATION+PROMPT+DOSE+REFIT+LOCUS+LOCUS_CALIBRATION,,6,5,5,6,"bicycle, bottle, car, chair, dog, person","bottle, car, chair, dog, person","bottle, car, chair, dog, person",IYWYIAIBWAWB,IY,51.997,
gemma3-27,nih,COMPLETE,CORE+CALIBRATION+PROMPT+DOSE+REFIT+LOCUS+LOCUS_CALIBRATION,,6,2,3,0,,"Atelectasis, Nodule","Atelectasis, Mass, Nodule",IYWYIAIBWAWB,IY,129.055,
gemma3-27,chexpert,COMPLETE,CORE+CALIBRATION,,6,4,2,0,,"Cardiomegaly, Consolidation, Edema, Effusion","Cardiomegaly, Effusion",IYWYIAIBWAWB,IY,28.578,
gemma3-27,coco,COMPLETE,CORE+CALIBRATION+PROMPT+DOSE+REFIT+LOCUS+LOCUS_CALIBRATION,,6,5,5,6,"bicycle, bottle, car, chair, dog, person","bottle, car, chair, dog, person","bottle, car, chair, dog, person",IYWYIAIBWAWB,IY,118.857,
medgemma-4,nih,COMPLETE,CORE+CALIBRATION+PROMPT+DOSE+REFIT+LOCUS+LOCUS_CALIBRATION,,6,3,6,0,,"Atelectasis, Cardiomegaly, Mass","Atelectasis, Cardiomegaly, Effusion, Mass, Nodule, Pneumothorax",,IY,43.781,
medgemma-4,chexpert,COMPLETE,CORE+CALIBRATION,,6,4,5,2,"Cardiomegaly, Edema","Cardiomegaly, Consolidation, Edema, Effusion","Cardiomegaly, Consolidation, Edema, Effusion, Pneumothorax",IYWYIAIBWAWB,IY,8.586,
medgemma-4,coco,COMPLETE,CORE+CALIBRATION+PROMPT+DOSE+REFIT+LOCUS+LOCUS_CALIBRATION,,6,4,5,6,"bicycle, bottle, car, chair, dog, person","bottle, car, chair, person","bottle, car, chair, dog, person",IYWYIAIBWAWB,IY,35.967,
medgemma-27,nih,COMPLETE,CORE+CALIBRATION+PROMPT+DOSE+REFIT+LOCUS+LOCUS_CALIBRATION,,6,3,6,0,,"Atelectasis, Cardiomegaly, Mass","Atelectasis, Cardiomegaly, Effusion, Mass, Nodule, Pneumothorax",IYWYIAIBWAWB,IY,118.197,
medgemma-27,chexpert,COMPLETE,CORE+CALIBRATION,,6,4,5,0,,"Cardiomegaly, Consolidation, Edema, Effusion","Cardiomegaly, Consolidation, Edema, Effusion, Pneumothorax",IYWYIAIBWAWB,IY,33.232,
medgemma-27,coco,COMPLETE,CORE+CALIBRATION+PROMPT+DOSE+REFIT+LOCUS+LOCUS_CALIBRATION,,6,4,5,4,"bottle, car, chair, person","bottle, car, chair, person","bottle, car, chair, dog, person",IYWYIAIBWAWB,IY,74.006,
llama32-11,nih,RUNNING,CALIBRATION+PROMPT+DOSE+REFIT+LOCUS+LOCUS_CALIBRATION,,6,2,4,0,,"Effusion, Pneumothorax","Effusion, Mass, Nodule, Pneumothorax",IBWB,IB,103.318,
llama32-11,chexpert,COMPLETE,,CORE+CALIBRATION,6,4,,,,"Cardiomegaly, Consolidation, Edema, Effusion",,IBWB,IY,0.0,
llama32-11,coco,COMPLETE,CALIBRATION+PROMPT,CORE+DOSE+REFIT+LOCUS+LOCUS_CALIBRATION,6,5,0,,,"bottle, car, chair, dog, person",,IBWB,IY,22.266,
llava15-7,nih,COMPLETE,CORE+CALIBRATION+PROMPT+DOSE+REFIT+LOCUS+LOCUS_CALIBRATION,,6,2,0,0,,"Atelectasis, Effusion",,IYWY,IY,20.871,
llava15-7,chexpert,COMPLETE,CORE+CALIBRATION,,6,4,0,0,,"Cardiomegaly, Consolidation, Edema, Effusion",,IYWY,IY,6.81,
llava15-7,coco,COMPLETE,CORE+CALIBRATION+PROMPT+DOSE+REFIT+LOCUS+LOCUS_CALIBRATION,,6,5,5,5,"bicycle, car, chair, dog, person","bottle, car, chair, dog, person","bottle, car, chair, dog, person",IYWY,IY,19.583,
llava15-13,nih,COMPLETE,CORE+CALIBRATION+PROMPT+DOSE+REFIT+LOCUS+LOCUS_CALIBRATION,,6,2,0,0,,"Atelectasis, Effusion",,IYWYIAWA,IY,34.183,
llava15-13,chexpert,COMPLETE,CORE+CALIBRATION,,6,4,1,0,,"Cardiomegaly, Consolidation, Edema, Effusion",Edema,IYWYIAWA,IY,10.137,
llava15-13,coco,COMPLETE,CORE+CALIBRATION+PROMPT+DOSE+REFIT+LOCUS+LOCUS_CALIBRATION,,6,5,5,2,"chair, person","bottle, car, chair, dog, person","bottle, car, chair, dog, person",IYWYIAWA,IY,37.883,
lingshu-7,nih,COMPLETE,CORE+CALIBRATION+PROMPT+DOSE+REFIT+LOCUS+LOCUS_CALIBRATION,,6,3,6,1,Cardiomegaly,"Atelectasis, Cardiomegaly, Effusion","Atelectasis, Cardiomegaly, Effusion, Mass, Nodule, Pneumothorax",IYWYIAIBWAWB,IY,19.606,
lingshu-7,chexpert,COMPLETE,CORE+CALIBRATION,,6,4,5,3,"Edema, Effusion, Pneumothorax","Cardiomegaly, Consolidation, Edema, Effusion","Cardiomegaly, Consolidation, Edema, Effusion, Pneumothorax",IYWYIAIBWAWB,IY,4.804,
lingshu-7,coco,COMPLETE,CORE+CALIBRATION+PROMPT+DOSE+REFIT+LOCUS+LOCUS_CALIBRATION,,6,1,5,6,"bicycle, bottle, car, chair, dog, person",person,"bottle, car, chair, dog, person",IYWYIAIBWAWB,IY,20.009,
llavamed-7,nih,COMPLETE,CORE+CALIBRATION+PROMPT+DOSE+REFIT+LOCUS+LOCUS_CALIBRATION,,6,3,0,0,,"Atelectasis, Effusion, Pneumothorax",,IYWY,IY,19.941,
llavamed-7,chexpert,COMPLETE,CORE+CALIBRATION,,6,4,2,1,Effusion,"Cardiomegaly, Consolidation, Edema, Effusion","Edema, Effusion",IYWY,IY,7.028,
llavamed-7,coco,COMPLETE,CORE+CALIBRATION+PROMPT+DOSE+REFIT+LOCUS+LOCUS_CALIBRATION,,6,4,5,1,dog,"bottle, car, chair, person","bottle, car, chair, dog, person",IYWY,IY,21.917,
lingshu-32,nih,COMPLETE,CORE+CALIBRATION+PROMPT+DOSE+REFIT+LOCUS+LOCUS_CALIBRATION,,6,3,6,2,"Cardiomegaly, Pneumothorax","Atelectasis, Effusion, Pneumothorax","Atelectasis, Cardiomegaly, Effusion, Mass, Nodule, Pneumothorax",IYWYIAIBWAWB,IY,73.88,
lingshu-32,chexpert,COMPLETE,CORE+CALIBRATION,,6,4,5,5,"Cardiomegaly, Consolidation, Edema, Effusion, Pneumothorax","Cardiomegaly, Consolidation, Edema, Effusion","Cardiomegaly, Consolidation, Edema, Effusion, Pneumothorax",IYWYIAIBWAWB,IY,19.146,
lingshu-32,coco,COMPLETE,CORE+CALIBRATION+PROMPT+DOSE+REFIT+LOCUS+LOCUS_CALIBRATION,,6,1,5,6,"bicycle, bottle, car, chair, dog, person",person,"bottle, car, chair, dog, person",IYWYIAIBWAWB,IY,75.833,
